z,w_de_median,w_de_lower_95,w_de_upper_95,hubble_median,hubble_lower_95,hubble_upper_95
0.000000,-0.929358,-0.832914,-0.515387,0.962238,0.975611,1.023302
0.025253,-0.939166,-0.847662,-0.550533,0.986980,0.997817,1.040431
0.050505,-0.948501,-0.861272,-0.589806,1.009842,1.020521,1.056931
0.075758,-0.957399,-0.873008,-0.626723,1.032960,1.042086,1.075600
0.101010,-0.965888,-0.885911,-0.659992,1.054213,1.062235,1.092790
0.126263,-0.973996,-0.897243,-0.687861,1.075190,1.081810,1.111711
0.151515,-0.981749,-0.909017,-0.714231,1.093996,1.102475,1.128758
0.176768,-0.989170,-0.922376,-0.741653,1.115001,1.121737,1.147644
0.202020,-0.996278,-0.933339,-0.761929,1.134513,1.141079,1.166451
0.227273,-1.003094,-0.945355,-0.782592,1.152735,1.159626,1.185281
0.252525,-1.009635,-0.954775,-0.806728,1.171174,1.178647,1.203437
0.277778,-1.015917,-0.966217,-0.825433,1.189842,1.197742,1.222664
0.303030,-1.021956,-0.979417,-0.843362,1.208747,1.216064,1.241036
0.328283,-1.034066,-0.996633,-0.862018,1.227269,1.234378,1.259357
0.353535,-1.046567,-1.006283,-0.879277,1.246039,1.252967,1.278205
0.378788,-1.058611,-1.022508,-0.893912,1.265132,1.271653,1.297129
0.404040,-1.073018,-1.038543,-0.907853,1.284408,1.290832,1.316080
0.429293,-1.087421,-1.050754,-0.919890,1.303979,1.310305,1.335078
0.454545,-1.107818,-1.066797,-0.929819,1.323891,1.330347,1.354156
0.479798,-1.127339,-1.082344,-0.939294,1.344142,1.350804,1.373343
0.505051,-1.144231,-1.096615,-0.952172,1.364379,1.370527,1.392886
0.530303,-1.160565,-1.111898,-0.962483,1.384287,1.390763,1.413115
0.555556,-1.177195,-1.125956,-0.968992,1.404725,1.411678,1.433682
0.580808,-1.196129,-1.139564,-0.973549,1.425405,1.432468,1.454404
0.606061,-1.214468,-1.154669,-0.981398,1.447389,1.453113,1.475708
0.631313,-1.232239,-1.167790,-0.987312,1.468061,1.474317,1.496453
0.656566,-1.248608,-1.180371,-0.993046,1.489233,1.496427,1.518574
0.681818,-1.263828,-1.193745,-0.998608,1.511290,1.518475,1.540388
0.707071,-1.278599,-1.206725,-1.003300,1.533699,1.540548,1.562334
0.732323,-1.292938,-1.220867,-1.007319,1.556454,1.562497,1.583877
0.757576,-1.306866,-1.234564,-1.010818,1.579555,1.584959,1.606799
0.782828,-1.320399,-1.248132,-1.016064,1.602605,1.607962,1.629008
0.808081,-1.333554,-1.261322,-1.020727,1.625663,1.631113,1.652306
0.833333,-1.346346,-1.274148,-1.024951,1.648730,1.654102,1.676466
0.858586,-1.358791,-1.286625,-1.030737,1.672144,1.677793,1.700823
0.883838,-1.370902,-1.298768,-1.033863,1.695906,1.701548,1.724952
0.909091,-1.382693,-1.310590,-1.036950,1.719507,1.725623,1.749231
0.934343,-1.394176,-1.322103,-1.040741,1.743476,1.750041,1.774041
0.959596,-1.405363,-1.333319,-1.044434,1.767814,1.774800,1.799525
0.984848,-1.416266,-1.344250,-1.048033,1.792697,1.799951,1.824796
1.010101,-1.426894,-1.354906,-1.051542,1.817741,1.825169,1.850540
1.035354,-1.437259,-1.365217,-1.054963,1.843143,1.850724,1.876690
1.060606,-1.447370,-1.374560,-1.058301,1.868902,1.876614,1.903054
1.085859,-1.457236,-1.383676,-1.061558,1.895014,1.902837,1.929728
1.111111,-1.466866,-1.392573,-1.064737,1.921475,1.929543,1.956921
1.136364,-1.476268,-1.401261,-1.067841,1.948281,1.956688,1.984382
1.161616,-1.485450,-1.409745,-1.070873,1.975428,1.983870,2.012110
1.186869,-1.494421,-1.418034,-1.073834,2.002911,2.011439,2.040102
1.212121,-1.503186,-1.426133,-1.076728,2.030728,2.039435,2.068305
1.237374,-1.511754,-1.434050,-1.079556,2.058872,2.067682,2.096707
1.262626,-1.520131,-1.441790,-1.082322,2.087340,2.096189,2.125365
1.287879,-1.528322,-1.449359,-1.085026,2.116126,2.125004,2.154278
1.313131,-1.536335,-1.456762,-1.087671,2.145227,2.154049,2.183786
1.338384,-1.544175,-1.464006,-1.090259,2.174638,2.183097,2.213496
1.363636,-1.551847,-1.471095,-1.092792,2.204354,2.212346,2.243306
1.388889,-1.559357,-1.478034,-1.095271,2.234370,2.242280,2.273347
1.414141,-1.566710,-1.484828,-1.097699,2.264683,2.272520,2.303634
1.439394,-1.573911,-1.491482,-1.100076,2.295287,2.302930,2.334166
1.464646,-1.580964,-1.498088,-1.102404,2.326179,2.333508,2.364939
1.489899,-1.587874,-1.504852,-1.104685,2.357158,2.364363,2.395953
1.515152,-1.594645,-1.511480,-1.106921,2.388372,2.395519,2.427204
1.540404,-1.601282,-1.517977,-1.109112,2.419862,2.427154,2.458692
1.565657,-1.607788,-1.524345,-1.111260,2.451625,2.459065,2.490412
1.590909,-1.614167,-1.530589,-1.113366,2.483594,2.491248,2.522364
1.616162,-1.620423,-1.536713,-1.115431,2.515743,2.523697,2.554573
1.641414,-1.626560,-1.542720,-1.117457,2.548153,2.556409,2.587006
1.666667,-1.632580,-1.548613,-1.119444,2.580822,2.589266,2.619662
1.691919,-1.638487,-1.554395,-1.121394,2.613745,2.621898,2.652536
1.717172,-1.644779,-1.560070,-1.123308,2.646920,2.654783,2.685628
1.742424,-1.650968,-1.565640,-1.125187,2.680342,2.687971,2.719273
1.767677,-1.657044,-1.571109,-1.127031,2.714009,2.721744,2.752991
1.792929,-1.663010,-1.576479,-1.128842,2.747916,2.755770,2.786613
1.818182,-1.668869,-1.581568,-1.130621,2.782061,2.790026,2.820505
1.843434,-1.674624,-1.586345,-1.132368,2.816441,2.824508,2.854760
1.868687,-1.680278,-1.591038,-1.134084,2.851052,2.859214,2.889232
1.893939,-1.685833,-1.595650,-1.135770,2.885892,2.894142,2.924147
1.919192,-1.691292,-1.600181,-1.137427,2.920957,2.929288,2.959277
1.944444,-1.696657,-1.604635,-1.139056,2.956245,2.964650,2.994465
1.969697,-1.701931,-1.609013,-1.140657,2.991753,3.000226,3.029678
1.994949,-1.707116,-1.613317,-1.142231,3.027478,3.036014,3.065144
2.020202,-1.712215,-1.617784,-1.143778,3.063417,3.071943,3.100915
2.045455,-1.717229,-1.622709,-1.145300,3.099569,3.107879,3.136806
2.070707,-1.722160,-1.627552,-1.146797,3.135930,3.144020,3.172838
2.095960,-1.727011,-1.632317,-1.148270,3.172498,3.180363,3.209060
2.121212,-1.731783,-1.637005,-1.149719,3.209104,3.216906,3.245476
2.146465,-1.736479,-1.641617,-1.151144,3.245564,3.253520,3.282226
2.171717,-1.741100,-1.646156,-1.152547,3.282224,3.290225,3.319266
2.196970,-1.745648,-1.650624,-1.153927,3.319082,3.327427,3.356494
2.222222,-1.750125,-1.654888,-1.155286,3.356135,3.364953,3.393908
2.247475,-1.754532,-1.658855,-1.156624,3.393382,3.402046,3.431507
2.272727,-1.758872,-1.662760,-1.157941,3.430822,3.439302,3.469289
2.297980,-1.763144,-1.666606,-1.159238,3.468451,3.477239,3.507254
2.323232,-1.767352,-1.670393,-1.160516,3.506270,3.515487,3.545399
2.348485,-1.771496,-1.674123,-1.161774,3.544275,3.553538,3.583723
2.373737,-1.775579,-1.677798,-1.163013,3.582466,3.592069,3.622225
2.398990,-1.779600,-1.681417,-1.164234,3.620952,3.630954,3.660823
2.424242,-1.783563,-1.684984,-1.165436,3.659774,3.670021,3.699684
2.449495,-1.787467,-1.688498,-1.166622,3.698608,3.709269,3.738788
2.474747,-1.791314,-1.691961,-1.167790,3.737581,3.748130,3.777989
2.500000,-1.795106,-1.695374,-1.168941,3.776728,3.787154,3.817363
